#SampleID,BarcodeSequence,,ProjectID,DateSequenced,RunName
120361,TTCTGAGAGGTACTAGCGAACATC,,IowaWound,20170628,MiSeqV1V3_32
120362,TTCTGAGAGGTAAATGCCTCAACT,,IowaWound,20170628,MiSeqV1V3_32
120364,TTCTGAGAGGTACAAGCATGCCTA,,IowaWound,20170628,MiSeqV1V3_32
120365,TTCTGAGAGGTAACTGACAGCCAT,,IowaWound,20170628,MiSeqV1V3_32
120367,TTCTGAGAGGTATCGTCGATAATC,,IowaWound,20170628,MiSeqV1V3_32
120368,TTCTGAGAGGTATGACCTCCAAGA,,IowaWound,20170628,MiSeqV1V3_32
120369,TTCTGAGAGGTAAGCCTAAGCACG,,IowaWound,20170628,MiSeqV1V3_32
120383,TTCTGAGAGGTACCTAGTACTGAT,,IowaWound,20170628,MiSeqV1V3_32
120384,TTCTGAGAGGTACGATCCGTATTA,,IowaWound,20170628,MiSeqV1V3_32
120385,TTCTGAGAGGTAATTCCTGTGAGT,,IowaWound,20170628,MiSeqV1V3_32
120386,TTCTGAGAGGTAGTCAATTGACCG,,IowaWound,20170628,MiSeqV1V3_32
120387,TTCTGAGAGGTAATCGATCTGTGG,,IowaWound,20170628,MiSeqV1V3_32
120388,TTCTGAGAGGTACTTCGGCAGAAT,,IowaWound,20170628,MiSeqV1V3_32
120389,TTCTGAGAGGTAAGGCATCTTACG,,IowaWound,20170628,MiSeqV1V3_32
120391,TTCTGAGAGGTAACCACATACATC,,IowaWound,20170628,MiSeqV1V3_32
120392,TTCTGAGAGGTATATCAGGTGTGC,,IowaWound,20170628,MiSeqV1V3_32
120393,TTCTGAGAGGTAGAATGATGAGTG,,IowaWound,20170628,MiSeqV1V3_32
120394,TTCTGAGAGGTAATACTTCGCAGG,,IowaWound,20170628,MiSeqV1V3_32
120395,TTCTGAGAGGTAATCGCTCGAGGA,,IowaWound,20170628,MiSeqV1V3_32
120396,TTCTGAGAGGTAGTCTAATTCCGA,,IowaWound,20170628,MiSeqV1V3_32
120397,TTCTGAGAGGTAGAGGCTCATCAT,,IowaWound,20170628,MiSeqV1V3_32
120398,TTCTGAGAGGTAATGAGACTCCAC,,IowaWound,20170628,MiSeqV1V3_32
120399,TTCTGAGAGGTACTTGTGTCGATA,,IowaWound,20170628,MiSeqV1V3_32
120400,TTCTGAGAGGTAACGGGACATGCT,,IowaWound,20170628,MiSeqV1V3_32
120401,TTCTGAGAGGTACAGCTAGAACGC,,IowaWound,20170628,MiSeqV1V3_32
120402,TTCTGAGAGGTACCACCTACTCCA,,IowaWound,20170628,MiSeqV1V3_32
120403,TTCTGAGAGGTAAACACAAGGAGT,,IowaWound,20170628,MiSeqV1V3_32
120404,TTCTGAGAGGTATGTAATTGTCGC,,IowaWound,20170628,MiSeqV1V3_32
120405,TTCTGAGAGGTACGTCCGAAATAC,,IowaWound,20170628,MiSeqV1V3_32
120406,TTCTGAGAGGTAATGTCGAGAGAA,,IowaWound,20170628,MiSeqV1V3_32
120407,TTCTGAGAGGTATAACGCTTGGGT,,IowaWound,20170628,MiSeqV1V3_32
120408,TTCTGAGAGGTATCCGAATTCACA,,IowaWound,20170628,MiSeqV1V3_32
120409,TTCTGAGAGGTATCCTCTGTCGAC,,IowaWound,20170628,MiSeqV1V3_32
120410,TTCTGAGAGGTAGAATCTTCGAGC,,IowaWound,20170628,MiSeqV1V3_32
120412,TTCTGAGAGGTAGTCATATCGTAC,,IowaWound,20170628,MiSeqV1V3_32
120413,TTCTGAGAGGTATCCCAGAACAAC,,IowaWound,20170628,MiSeqV1V3_32
120414,TTCTGAGAGGTAGAATAGAGCCAA,,IowaWound,20170628,MiSeqV1V3_32
120415,TTCTGAGAGGTAAATGTCCGTGAC,,IowaWound,20170628,MiSeqV1V3_32
120416,TTCTGAGAGGTAAATGGAGCATGA,,IowaWound,20170628,MiSeqV1V3_32
120417,TTCTGAGAGGTAGCAGGATAGATA,,IowaWound,20170628,MiSeqV1V3_32
120418,TTCTGAGAGGTATCTACGGAGAGC,,IowaWound,20170628,MiSeqV1V3_32
120419,TTCTGAGAGGTAAATCTTGCTGCA,,IowaWound,20170628,MiSeqV1V3_32
120420,TTCTGAGAGGTAACGCCACGAATG,,IowaWound,20170628,MiSeqV1V3_32
120421,TTCTGAGAGGTACTATTTGCGACA,,IowaWound,20170628,MiSeqV1V3_32
120422,TTCTGAGAGGTAACACGTAAGCCT,,IowaWound,20170628,MiSeqV1V3_32
120423,TTCTGAGAGGTAGCGGCAATTACG,,IowaWound,20170628,MiSeqV1V3_32
120424,TTCTGAGAGGTAGGAAACCACCAC,,IowaWound,20170628,MiSeqV1V3_32
120425,TTCTGAGAGGTAAGCTGGAAGTCC,,IowaWound,20170628,MiSeqV1V3_32
120426,TTCTGAGAGGTAGTACGTGGGATC,,IowaWound,20170628,MiSeqV1V3_32
120427,TTCTGAGAGGTATACTTCGCTCGC,,IowaWound,20170628,MiSeqV1V3_32
120428,TTCTGAGAGGTAAGCTTGACAGCT,,IowaWound,20170628,MiSeqV1V3_32
120429,TTCTGAGAGGTAGACTCTTGGCAA,,IowaWound,20170628,MiSeqV1V3_32
120430,TTCTGAGAGGTAGGTCAGCTTAAC,,IowaWound,20170628,MiSeqV1V3_32
120431,TTCTGAGAGGTATGCAATGTTGCT,,IowaWound,20170628,MiSeqV1V3_32
120432,TTCTGAGAGGTAGGCCACGTAGTA,,IowaWound,20170628,MiSeqV1V3_32
120433,TTCTGAGAGGTAAGTAGAGGGATG,,IowaWound,20170628,MiSeqV1V3_32
120434,TTCTGAGAGGTAGAGTGGTAGAGA,,IowaWound,20170628,MiSeqV1V3_32
120435,TTCTGAGAGGTAGAACTAGTCACC,,IowaWound,20170628,MiSeqV1V3_32
120436,TTCTGAGAGGTATTGCGCATACTA,,IowaWound,20170628,MiSeqV1V3_32
120437,TTCTGAGAGGTACACGGTTGTGAG,,IowaWound,20170628,MiSeqV1V3_32
120438,TTCTGAGAGGTAGAAGAAGCGGTA,,IowaWound,20170628,MiSeqV1V3_32
120439,TTCTGAGAGGTAGCTTCGGTAGAT,,IowaWound,20170628,MiSeqV1V3_32
120440,TTCTGAGAGGTATCTGTTGCTCTC,,IowaWound,20170628,MiSeqV1V3_32
120441,TTCTGAGAGGTATCTTCCGCTACT,,IowaWound,20170628,MiSeqV1V3_32
120443,TTCTGAGAGGTATAACACCACATC,,Control,20170628,MiSeqV1V3_32
120444,ATCCCTACGGAATACAGATGGCTC,,IowaWound,20170628,MiSeqV1V3_32
120445,ATCCCTACGGAATAGGAACTGGCC,,IowaWound,20170628,MiSeqV1V3_32
120446,ATCCCTACGGAACGCAGCGGTATA,,IowaWound,20170628,MiSeqV1V3_32
120447,ATCCCTACGGAAGAAGTTGGAAGT,,IowaWound,20170628,MiSeqV1V3_32
120448,ATCCCTACGGAAGACGGAACCCAT,,IowaWound,20170628,MiSeqV1V3_32
120449,ATCCCTACGGAAACATTCAGCGCA,,IowaWound,20170628,MiSeqV1V3_32
120450,ATCCCTACGGAAGAGGAATAGCAG,,IowaWound,20170628,MiSeqV1V3_32
120451,ATCCCTACGGAATGTTATCGCACA,,IowaWound,20170628,MiSeqV1V3_32
120453,ATCCCTACGGAAAGTTCCCGAGTA,,IowaWound,20170628,MiSeqV1V3_32
120454,ATCCCTACGGAAGTACCTAATTGC,,IowaWound,20170628,MiSeqV1V3_32
120455,ATCCCTACGGAACGTGACAATGTC,,IowaWound,20170628,MiSeqV1V3_32
120456,ATCCCTACGGAAACGTGTACCCAA,,IowaWound,20170628,MiSeqV1V3_32
120457,ATCCCTACGGAACTAGCGAACATC,,IowaWound,20170628,MiSeqV1V3_32
120458,ATCCCTACGGAAAATGCCTCAACT,,IowaWound,20170628,MiSeqV1V3_32
120459,ATCCCTACGGAATTCCTAGGTGAG,,IowaWound,20170628,MiSeqV1V3_32
120461,ATCCCTACGGAAACTGACAGCCAT,,IowaWound,20170628,MiSeqV1V3_32
120462,ATCCCTACGGAACAGCGGTGACAT,,IowaWound,20170628,MiSeqV1V3_32
120463,ATCCCTACGGAATCGTCGATAATC,,IowaWound,20170628,MiSeqV1V3_32
120464,ATCCCTACGGAATGACCTCCAAGA,,IowaWound,20170628,MiSeqV1V3_32
120465,ATCCCTACGGAAAGCCTAAGCACG,,IowaWound,20170628,MiSeqV1V3_32
120466,ATCCCTACGGAAACTCACGGTATG,,IowaWound,20170628,MiSeqV1V3_32
120467,ATCCCTACGGAAATGGTTGTTGGC,,IowaWound,20170628,MiSeqV1V3_32
120468,ATCCCTACGGAAAAGGAGCGCCTT,,IowaWound,20170628,MiSeqV1V3_32
120469,ATCCCTACGGAAGACAGGAGATAG,,IowaWound,20170628,MiSeqV1V3_32
120470,ATCCCTACGGAAGGTGTCTATTGT,,IowaWound,20170628,MiSeqV1V3_32
120471,ATCCCTACGGAAGCACGACAACAC,,IowaWound,20170628,MiSeqV1V3_32
120472,ATCCCTACGGAACCTGAACTAGTT,,IowaWound,20170628,MiSeqV1V3_32
120473,ATCCCTACGGAACGAGAAGAGAAC,,IowaWound,20170628,MiSeqV1V3_32
120474,ATCCCTACGGAAATCGGCGTTACA,,IowaWound,20170628,MiSeqV1V3_32
120475,ATCCCTACGGAAATTGGGCTAGGC,,IowaWound,20170628,MiSeqV1V3_32
120476,ATCCCTACGGAAACAAGGAGGTGA,,IowaWound,20170628,MiSeqV1V3_32
120477,ATCCCTACGGAAATACCTTCGGTA,,IowaWound,20170628,MiSeqV1V3_32
120478,ATCCCTACGGAAGTCTACACACAT,,IowaWound,20170628,MiSeqV1V3_32
120479,ATCCCTACGGAACCTAGTACTGAT,,IowaWound,20170628,MiSeqV1V3_32
120480,ATCCCTACGGAACGATCCGTATTA,,IowaWound,20170628,MiSeqV1V3_32
120481,ATCCCTACGGAAATTCCTGTGAGT,,IowaWound,20170628,MiSeqV1V3_32
120482,ATCCCTACGGAAGTCAATTGACCG,,IowaWound,20170628,MiSeqV1V3_32
120483,ATCCCTACGGAAATCGATCTGTGG,,IowaWound,20170628,MiSeqV1V3_32
120484,ATCCCTACGGAACTTCGGCAGAAT,,IowaWound,20170628,MiSeqV1V3_32
120485,ATCCCTACGGAAAGGCATCTTACG,,IowaWound,20170628,MiSeqV1V3_32
120486,ATCCCTACGGAAAGATGTTCTGCT,,IowaWound,20170628,MiSeqV1V3_32
120487,ATCCCTACGGAAACCACATACATC,,IowaWound,20170628,MiSeqV1V3_32
120488,ATCCCTACGGAATATCAGGTGTGC,,IowaWound,20170628,MiSeqV1V3_32
120489,ATCCCTACGGAAGAATGATGAGTG,,IowaWound,20170628,MiSeqV1V3_32
120490,ATCCCTACGGAAATACTTCGCAGG,,IowaWound,20170628,MiSeqV1V3_32
120491,ATCCCTACGGAAATCGCTCGAGGA,,IowaWound,20170628,MiSeqV1V3_32
120492,ATCCCTACGGAAGTCTAATTCCGA,,IowaWound,20170628,MiSeqV1V3_32
120493,ATCCCTACGGAAGAGGCTCATCAT,,IowaWound,20170628,MiSeqV1V3_32
120494,ATCCCTACGGAAATGAGACTCCAC,,IowaWound,20170628,MiSeqV1V3_32
120495,ATCCCTACGGAACTTGTGTCGATA,,IowaWound,20170628,MiSeqV1V3_32
120496,ATCCCTACGGAAACGGGACATGCT,,IowaWound,20170628,MiSeqV1V3_32
120497,ATCCCTACGGAACAGCTAGAACGC,,IowaWound,20170628,MiSeqV1V3_32
120498,ATCCCTACGGAACCACCTACTCCA,,IowaWound,20170628,MiSeqV1V3_32
120499,ATCCCTACGGAAAACACAAGGAGT,,IowaWound,20170628,MiSeqV1V3_32
120500,ATCCCTACGGAATGTAATTGTCGC,,IowaWound,20170628,MiSeqV1V3_32
120501,ATCCCTACGGAACGTCCGAAATAC,,IowaWound,20170628,MiSeqV1V3_32
120502,ATCCCTACGGAAATGTCGAGAGAA,,IowaWound,20170628,MiSeqV1V3_32
120503,ATCCCTACGGAATAACGCTTGGGT,,IowaWound,20170628,MiSeqV1V3_32
120504,ATCCCTACGGAATCCGAATTCACA,,IowaWound,20170628,MiSeqV1V3_32
120505,ATCCCTACGGAATCCTCTGTCGAC,,IowaWound,20170628,MiSeqV1V3_32
120506,ATCCCTACGGAAGAATCTTCGAGC,,IowaWound,20170628,MiSeqV1V3_32
120507,ATCCCTACGGAATGAGCCGGAATC,,IowaWound,20170628,MiSeqV1V3_32
120508,ATCCCTACGGAAGTCATATCGTAC,,IowaWound,20170628,MiSeqV1V3_32
120509,ATCCCTACGGAATCCCAGAACAAC,,IowaWound,20170628,MiSeqV1V3_32
120510,ATCCCTACGGAAGAATAGAGCCAA,,IowaWound,20170628,MiSeqV1V3_32
120511,ATCCCTACGGAAAATGTCCGTGAC,,IowaWound,20170628,MiSeqV1V3_32
120512,ATCCCTACGGAAAATGGAGCATGA,,IowaWound,20170628,MiSeqV1V3_32
120513,ATCCCTACGGAAGCAGGATAGATA,,IowaWound,20170628,MiSeqV1V3_32
120514,ATCCCTACGGAATCTACGGAGAGC,,IowaWound,20170628,MiSeqV1V3_32
120515,ATCCCTACGGAAAATCTTGCTGCA,,IowaWound,20170628,MiSeqV1V3_32
120517,ATCCCTACGGAACTATTTGCGACA,,IowaWound,20170628,MiSeqV1V3_32
120518,ATCCCTACGGAAACACGTAAGCCT,,IowaWound,20170628,MiSeqV1V3_32
120519,ATCCCTACGGAAGCGGCAATTACG,,IowaWound,20170628,MiSeqV1V3_32
120520,ATCCCTACGGAAGGAAACCACCAC,,IowaWound,20170628,MiSeqV1V3_32
120521,ATCCCTACGGAAAGCTGGAAGTCC,,IowaWound,20170628,MiSeqV1V3_32
120522,ATCCCTACGGAAGTACGTGGGATC,,Control,20170628,MiSeqV1V3_32
120523,GGTTCCATTAGGTACAGATGGCTC,,IowaWound,20170628,MiSeqV1V3_32
120524,GGTTCCATTAGGTAGGAACTGGCC,,IowaWound,20170628,MiSeqV1V3_32
120525,GGTTCCATTAGGCGCAGCGGTATA,,IowaWound,20170628,MiSeqV1V3_32
120526,GGTTCCATTAGGGAAGTTGGAAGT,,IowaWound,20170628,MiSeqV1V3_32
120527,GGTTCCATTAGGGACGGAACCCAT,,IowaWound,20170628,MiSeqV1V3_32
120529,GGTTCCATTAGGGAGGAATAGCAG,,IowaWound,20170628,MiSeqV1V3_32
120530,GGTTCCATTAGGTGTTATCGCACA,,IowaWound,20170628,MiSeqV1V3_32
120531,GGTTCCATTAGGCTTACACCAAGT,,IowaWound,20170628,MiSeqV1V3_32
120532,GGTTCCATTAGGAGTTCCCGAGTA,,IowaWound,20170628,MiSeqV1V3_32
120533,GGTTCCATTAGGGTACCTAATTGC,,IowaWound,20170628,MiSeqV1V3_32
120534,GGTTCCATTAGGCGTGACAATGTC,,IowaWound,20170628,MiSeqV1V3_32
120535,GGTTCCATTAGGACGTGTACCCAA,,IowaWound,20170628,MiSeqV1V3_32
120536,GGTTCCATTAGGCTAGCGAACATC,,IowaWound,20170628,MiSeqV1V3_32
120537,GGTTCCATTAGGAATGCCTCAACT,,IowaWound,20170628,MiSeqV1V3_32
120538,GGTTCCATTAGGTTCCTAGGTGAG,,IowaWound,20170628,MiSeqV1V3_32
120540,GGTTCCATTAGGACTGACAGCCAT,,IowaWound,20170628,MiSeqV1V3_32
120541,GGTTCCATTAGGCAGCGGTGACAT,,IowaWound,20170628,MiSeqV1V3_32
120542,GGTTCCATTAGGTCGTCGATAATC,,IowaWound,20170628,MiSeqV1V3_32
120543,GGTTCCATTAGGTGACCTCCAAGA,,IowaWound,20170628,MiSeqV1V3_32
120544,GGTTCCATTAGGAGCCTAAGCACG,,IowaWound,20170628,MiSeqV1V3_32
120545,GGTTCCATTAGGACTCACGGTATG,,IowaWound,20170628,MiSeqV1V3_32
120546,GGTTCCATTAGGATGGTTGTTGGC,,IowaWound,20170628,MiSeqV1V3_32
120547,GGTTCCATTAGGAAGGAGCGCCTT,,IowaWound,20170628,MiSeqV1V3_32
120548,GGTTCCATTAGGGACAGGAGATAG,,IowaWound,20170628,MiSeqV1V3_32
120550,GGTTCCATTAGGGCACGACAACAC,,IowaWound,20170628,MiSeqV1V3_32
120551,GGTTCCATTAGGCCTGAACTAGTT,,IowaWound,20170628,MiSeqV1V3_32
120552,GGTTCCATTAGGCGAGAAGAGAAC,,IowaWound,20170628,MiSeqV1V3_32
120553,GGTTCCATTAGGATCGGCGTTACA,,IowaWound,20170628,MiSeqV1V3_32
120554,GGTTCCATTAGGATTGGGCTAGGC,,IowaWound,20170628,MiSeqV1V3_32
120555,GGTTCCATTAGGACAAGGAGGTGA,,IowaWound,20170628,MiSeqV1V3_32
120556,GGTTCCATTAGGATACCTTCGGTA,,IowaWound,20170628,MiSeqV1V3_32
120557,GGTTCCATTAGGGTCTACACACAT,,IowaWound,20170628,MiSeqV1V3_32
120558,GGTTCCATTAGGCCTAGTACTGAT,,IowaWound,20170628,MiSeqV1V3_32
120560,GGTTCCATTAGGATTCCTGTGAGT,,IowaWound,20170628,MiSeqV1V3_32
120561,GGTTCCATTAGGGTCAATTGACCG,,IowaWound,20170628,MiSeqV1V3_32
120562,GGTTCCATTAGGATCGATCTGTGG,,IowaWound,20170628,MiSeqV1V3_32
120563,GGTTCCATTAGGCTTCGGCAGAAT,,IowaWound,20170628,MiSeqV1V3_32
120564,GGTTCCATTAGGAGGCATCTTACG,,IowaWound,20170628,MiSeqV1V3_32
120565,GGTTCCATTAGGAGATGTTCTGCT,,IowaWound,20170628,MiSeqV1V3_32
120566,GGTTCCATTAGGACCACATACATC,,IowaWound,20170628,MiSeqV1V3_32
120567,GGTTCCATTAGGTATCAGGTGTGC,,IowaWound,20170628,MiSeqV1V3_32
120568,GGTTCCATTAGGGAATGATGAGTG,,IowaWound,20170628,MiSeqV1V3_32
120569,GGTTCCATTAGGATACTTCGCAGG,,IowaWound,20170628,MiSeqV1V3_32
120570,GGTTCCATTAGGATCGCTCGAGGA,,IowaWound,20170628,MiSeqV1V3_32
120572,GGTTCCATTAGGGAGGCTCATCAT,,IowaWound,20170628,MiSeqV1V3_32
120573,GGTTCCATTAGGATGAGACTCCAC,,IowaWound,20170628,MiSeqV1V3_32
120574,GGTTCCATTAGGCTTGTGTCGATA,,IowaWound,20170628,MiSeqV1V3_32
120575,GGTTCCATTAGGACGGGACATGCT,,IowaWound,20170628,MiSeqV1V3_32
120576,GGTTCCATTAGGCAGCTAGAACGC,,IowaWound,20170628,MiSeqV1V3_32
120577,GGTTCCATTAGGCCACCTACTCCA,,IowaWound,20170628,MiSeqV1V3_32
120578,GGTTCCATTAGGAACACAAGGAGT,,IowaWound,20170628,MiSeqV1V3_32
120579,GGTTCCATTAGGTGTAATTGTCGC,,IowaWound,20170628,MiSeqV1V3_32
120580,GGTTCCATTAGGCGTCCGAAATAC,,IowaWound,20170628,MiSeqV1V3_32
120581,GGTTCCATTAGGATGTCGAGAGAA,,IowaWound,20170628,MiSeqV1V3_32
120582,GGTTCCATTAGGTAACGCTTGGGT,,IowaWound,20170628,MiSeqV1V3_32
120583,GGTTCCATTAGGTCCGAATTCACA,,IowaWound,20170628,MiSeqV1V3_32
120584,GGTTCCATTAGGTCCTCTGTCGAC,,IowaWound,20170628,MiSeqV1V3_32
120585,GGTTCCATTAGGGAATCTTCGAGC,,IowaWound,20170628,MiSeqV1V3_32
120587,GGTTCCATTAGGGTCATATCGTAC,,IowaWound,20170628,MiSeqV1V3_32
120588,GGTTCCATTAGGTCCCAGAACAAC,,IowaWound,20170628,MiSeqV1V3_32
120590,GGTTCCATTAGGAATGTCCGTGAC,,IowaWound,20170628,MiSeqV1V3_32
120591,GGTTCCATTAGGAATGGAGCATGA,,IowaWound,20170628,MiSeqV1V3_32
120592,GGTTCCATTAGGGCAGGATAGATA,,IowaWound,20170628,MiSeqV1V3_32
120593,GGTTCCATTAGGTCTACGGAGAGC,,IowaWound,20170628,MiSeqV1V3_32
120594,GGTTCCATTAGGAATCTTGCTGCA,,IowaWound,20170628,MiSeqV1V3_32
120595,GGTTCCATTAGGACGCCACGAATG,,IowaWound,20170628,MiSeqV1V3_32
120596,GGTTCCATTAGGCTATTTGCGACA,,IowaWound,20170628,MiSeqV1V3_32
120597,GGTTCCATTAGGACACGTAAGCCT,,IowaWound,20170628,MiSeqV1V3_32
120598,GGTTCCATTAGGGCGGCAATTACG,,IowaWound,20170628,MiSeqV1V3_32
120599,GGTTCCATTAGGGGAAACCACCAC,,IowaWound,20170628,MiSeqV1V3_32
120600,GGTTCCATTAGGAGCTGGAAGTCC,,IowaWound,20170628,MiSeqV1V3_32
120601,GGTTCCATTAGGGTACGTGGGATC,,IowaWound,20170628,MiSeqV1V3_32
120602,GGTTCCATTAGGTACTTCGCTCGC,,Control,20170628,MiSeqV1V3_32
120603,GGTTCCATTAGGAGCTTGACAGCT,,Control,20170628,MiSeqV1V3_32