#SampleID,BarcodeSequence,LinkerPrimerSequence,ProjectID,DateSequenced,RunName,SampleType,HostSpecies,SubjectID,Description
120361,TTCTGAGAGGTACTAGCGAACATC,TAGGTAATTGT,IowaWound,20170628,MiSeqV1V3_32,SurfaceSwab,Human,27,Sample_120361
120383,TTCTGAGAGGTACCTAGTACTGAT,TAGGTAATTGT,IowaWound,20170628,MiSeqV1V3_32,SurfaceSwab,Human,27,Sample_120383
120362,TTCTGAGAGGTAAATGCCTCAACT,TAGGTAATTGT,IowaWound,20170628,MiSeqV1V3_32,SurfaceSwab,Human,28,Sample_120362
120384,TTCTGAGAGGTACGATCCGTATTA,TAGGTAATTGT,IowaWound,20170628,MiSeqV1V3_32,SurfaceSwab,Human,28,Sample_120384
120523,GGTTCCATTAGGTACAGATGGCTC,TAGGTAATTGT,IowaWound,20170628,MiSeqV1V3_32,SurfaceSwab,Human,32,Sample_120523
120547,GGTTCCATTAGGAAGGAGCGCCTT,TAGGTAATTGT,IowaWound,20170628,MiSeqV1V3_32,SurfaceSwab,Human,53,Sample_120547
120572,GGTTCCATTAGGGAGGCTCATCAT,TAGGTAATTGT,IowaWound,20170628,MiSeqV1V3_32,SurfaceSwab,Human,54,Sample_120572
120524,GGTTCCATTAGGTAGGAACTGGCC,TAGGTAATTGT,IowaWound,20170628,MiSeqV1V3_32,SurfaceSwab,Human,59,Sample_120524
120526,GGTTCCATTAGGGAAGTTGGAAGT,TAGGTAATTGT,IowaWound,20170628,MiSeqV1V3_32,SurfaceSwab,Human,64,Sample_120526
120525,GGTTCCATTAGGCGCAGCGGTATA,TAGGTAATTGT,IowaWound,20170628,MiSeqV1V3_32,SurfaceSwab,Human,67,Sample_120525
120527,GGTTCCATTAGGGACGGAACCCAT,TAGGTAATTGT,IowaWound,20170628,MiSeqV1V3_32,SurfaceSwab,Human,70,Sample_120527
120529,GGTTCCATTAGGGAGGAATAGCAG,TAGGTAATTGT,IowaWound,20170628,MiSeqV1V3_32,SurfaceSwab,Human,73,Sample_120529
120548,GGTTCCATTAGGGACAGGAGATAG,TAGGTAATTGT,IowaWound,20170628,MiSeqV1V3_32,SurfaceSwab,Human,77,Sample_120548
120530,GGTTCCATTAGGTGTTATCGCACA,TAGGTAATTGT,IowaWound,20170628,MiSeqV1V3_32,SurfaceSwab,Human,79,Sample_120530
120573,GGTTCCATTAGGATGAGACTCCAC,TAGGTAATTGT,IowaWound,20170628,MiSeqV1V3_32,SurfaceSwab,Human,84,Sample_120573
120531,GGTTCCATTAGGCTTACACCAAGT,TAGGTAATTGT,IowaWound,20170628,MiSeqV1V3_32,SurfaceSwab,Human,85,Sample_120531
120532,GGTTCCATTAGGAGTTCCCGAGTA,TAGGTAATTGT,IowaWound,20170628,MiSeqV1V3_32,SurfaceSwab,Human,90,Sample_120532
120533,GGTTCCATTAGGGTACCTAATTGC,TAGGTAATTGT,IowaWound,20170628,MiSeqV1V3_32,SurfaceSwab,Human,93,Sample_120533
120534,GGTTCCATTAGGCGTGACAATGTC,TAGGTAATTGT,IowaWound,20170628,MiSeqV1V3_32,SurfaceSwab,Human,103,Sample_120534
120535,GGTTCCATTAGGACGTGTACCCAA,TAGGTAATTGT,IowaWound,20170628,MiSeqV1V3_32,SurfaceSwab,Human,104,Sample_120535
120536,GGTTCCATTAGGCTAGCGAACATC,TAGGTAATTGT,IowaWound,20170628,MiSeqV1V3_32,SurfaceSwab,Human,111,Sample_120536
120537,GGTTCCATTAGGAATGCCTCAACT,TAGGTAATTGT,IowaWound,20170628,MiSeqV1V3_32,SurfaceSwab,Human,127,Sample_120537
120385,TTCTGAGAGGTAATTCCTGTGAGT,TAGGTAATTGT,IowaWound,20170628,MiSeqV1V3_32,SurfaceSwab,Human,132,Sample_120385
120538,GGTTCCATTAGGTTCCTAGGTGAG,TAGGTAATTGT,IowaWound,20170628,MiSeqV1V3_32,SurfaceSwab,Human,142,Sample_120538
120574,GGTTCCATTAGGCTTGTGTCGATA,TAGGTAATTGT,IowaWound,20170628,MiSeqV1V3_32,SurfaceSwab,Human,145,Sample_120574
120540,GGTTCCATTAGGACTGACAGCCAT,TAGGTAATTGT,IowaWound,20170628,MiSeqV1V3_32,SurfaceSwab,Human,147,Sample_120540
120541,GGTTCCATTAGGCAGCGGTGACAT,TAGGTAATTGT,IowaWound,20170628,MiSeqV1V3_32,SurfaceSwab,Human,152,Sample_120541
120587,GGTTCCATTAGGGTCATATCGTAC,TAGGTAATTGT,IowaWound,20170628,MiSeqV1V3_32,SurfaceSwab,Human,154,Sample_120587
120542,GGTTCCATTAGGTCGTCGATAATC,TAGGTAATTGT,IowaWound,20170628,MiSeqV1V3_32,SurfaceSwab,Human,158,Sample_120542
120543,GGTTCCATTAGGTGACCTCCAAGA,TAGGTAATTGT,IowaWound,20170628,MiSeqV1V3_32,SurfaceSwab,Human,159,Sample_120543
120544,GGTTCCATTAGGAGCCTAAGCACG,TAGGTAATTGT,IowaWound,20170628,MiSeqV1V3_32,SurfaceSwab,Human,163,Sample_120544
120364,TTCTGAGAGGTACAAGCATGCCTA,TAGGTAATTGT,IowaWound,20170628,MiSeqV1V3_32,SurfaceSwab,Human,170,Sample_120364
120365,TTCTGAGAGGTAACTGACAGCCAT,TAGGTAATTGT,IowaWound,20170628,MiSeqV1V3_32,SurfaceSwab,Human,172,Sample_120365
120367,TTCTGAGAGGTATCGTCGATAATC,TAGGTAATTGT,IowaWound,20170628,MiSeqV1V3_32,SurfaceSwab,Human,175,Sample_120367
120368,TTCTGAGAGGTATGACCTCCAAGA,TAGGTAATTGT,IowaWound,20170628,MiSeqV1V3_32,SurfaceSwab,Human,177,Sample_120368
120369,TTCTGAGAGGTAAGCCTAAGCACG,TAGGTAATTGT,IowaWound,20170628,MiSeqV1V3_32,SurfaceSwab,Human,182,Sample_120369
120386,TTCTGAGAGGTAGTCAATTGACCG,TAGGTAATTGT,IowaWound,20170628,MiSeqV1V3_32,SurfaceSwab,Human,199,Sample_120386
120387,TTCTGAGAGGTAATCGATCTGTGG,TAGGTAATTGT,IowaWound,20170628,MiSeqV1V3_32,SurfaceSwab,Human,200,Sample_120387
120388,TTCTGAGAGGTACTTCGGCAGAAT,TAGGTAATTGT,IowaWound,20170628,MiSeqV1V3_32,SurfaceSwab,Human,201,Sample_120388
120389,TTCTGAGAGGTAAGGCATCTTACG,TAGGTAATTGT,IowaWound,20170628,MiSeqV1V3_32,SurfaceSwab,Human,202,Sample_120389
120391,TTCTGAGAGGTAACCACATACATC,TAGGTAATTGT,IowaWound,20170628,MiSeqV1V3_32,SurfaceSwab,Human,206,Sample_120391
120392,TTCTGAGAGGTATATCAGGTGTGC,TAGGTAATTGT,IowaWound,20170628,MiSeqV1V3_32,SurfaceSwab,Human,219,Sample_120392
120393,TTCTGAGAGGTAGAATGATGAGTG,TAGGTAATTGT,IowaWound,20170628,MiSeqV1V3_32,SurfaceSwab,Human,226,Sample_120393
120394,TTCTGAGAGGTAATACTTCGCAGG,TAGGTAATTGT,IowaWound,20170628,MiSeqV1V3_32,SurfaceSwab,Human,229,Sample_120394
120395,TTCTGAGAGGTAATCGCTCGAGGA,TAGGTAATTGT,IowaWound,20170628,MiSeqV1V3_32,SurfaceSwab,Human,235,Sample_120395
120396,TTCTGAGAGGTAGTCTAATTCCGA,TAGGTAATTGT,IowaWound,20170628,MiSeqV1V3_32,SurfaceSwab,Human,242,Sample_120396
120397,TTCTGAGAGGTAGAGGCTCATCAT,TAGGTAATTGT,IowaWound,20170628,MiSeqV1V3_32,SurfaceSwab,Human,247,Sample_120397
120398,TTCTGAGAGGTAATGAGACTCCAC,TAGGTAATTGT,IowaWound,20170628,MiSeqV1V3_32,SurfaceSwab,Human,255,Sample_120398
120399,TTCTGAGAGGTACTTGTGTCGATA,TAGGTAATTGT,IowaWound,20170628,MiSeqV1V3_32,SurfaceSwab,Human,256,Sample_120399
120400,TTCTGAGAGGTAACGGGACATGCT,TAGGTAATTGT,IowaWound,20170628,MiSeqV1V3_32,SurfaceSwab,Human,258,Sample_120400
120401,TTCTGAGAGGTACAGCTAGAACGC,TAGGTAATTGT,IowaWound,20170628,MiSeqV1V3_32,SurfaceSwab,Human,259,Sample_120401
120402,TTCTGAGAGGTACCACCTACTCCA,TAGGTAATTGT,IowaWound,20170628,MiSeqV1V3_32,SurfaceSwab,Human,262,Sample_120402
120403,TTCTGAGAGGTAAACACAAGGAGT,TAGGTAATTGT,IowaWound,20170628,MiSeqV1V3_32,SurfaceSwab,Human,270,Sample_120403
120404,TTCTGAGAGGTATGTAATTGTCGC,TAGGTAATTGT,IowaWound,20170628,MiSeqV1V3_32,SurfaceSwab,Human,272,Sample_120404
120405,TTCTGAGAGGTACGTCCGAAATAC,TAGGTAATTGT,IowaWound,20170628,MiSeqV1V3_32,SurfaceSwab,Human,275,Sample_120405
120406,TTCTGAGAGGTAATGTCGAGAGAA,TAGGTAATTGT,IowaWound,20170628,MiSeqV1V3_32,SurfaceSwab,Human,286,Sample_120406
120473,ATCCCTACGGAACGAGAAGAGAAC,TAGGTAATTGT,IowaWound,20170628,MiSeqV1V3_32,SurfaceSwab,Human,292,Sample_120473
120407,TTCTGAGAGGTATAACGCTTGGGT,TAGGTAATTGT,IowaWound,20170628,MiSeqV1V3_32,SurfaceSwab,Human,298,Sample_120407
120408,TTCTGAGAGGTATCCGAATTCACA,TAGGTAATTGT,IowaWound,20170628,MiSeqV1V3_32,SurfaceSwab,Human,300,Sample_120408
120425,TTCTGAGAGGTAAGCTGGAAGTCC,TAGGTAATTGT,IowaWound,20170628,MiSeqV1V3_32,SurfaceSwab,Human,303,Sample_120425
120426,TTCTGAGAGGTAGTACGTGGGATC,TAGGTAATTGT,IowaWound,20170628,MiSeqV1V3_32,SurfaceSwab,Human,304,Sample_120426
120427,TTCTGAGAGGTATACTTCGCTCGC,TAGGTAATTGT,IowaWound,20170628,MiSeqV1V3_32,SurfaceSwab,Human,310,Sample_120427
120428,TTCTGAGAGGTAAGCTTGACAGCT,TAGGTAATTGT,IowaWound,20170628,MiSeqV1V3_32,SurfaceSwab,Human,311,Sample_120428
120429,TTCTGAGAGGTAGACTCTTGGCAA,TAGGTAATTGT,IowaWound,20170628,MiSeqV1V3_32,SurfaceSwab,Human,319,Sample_120429
120430,TTCTGAGAGGTAGGTCAGCTTAAC,TAGGTAATTGT,IowaWound,20170628,MiSeqV1V3_32,SurfaceSwab,Human,323,Sample_120430
120431,TTCTGAGAGGTATGCAATGTTGCT,TAGGTAATTGT,IowaWound,20170628,MiSeqV1V3_32,SurfaceSwab,Human,324,Sample_120431
120432,TTCTGAGAGGTAGGCCACGTAGTA,TAGGTAATTGT,IowaWound,20170628,MiSeqV1V3_32,SurfaceSwab,Human,329,Sample_120432
120433,TTCTGAGAGGTAAGTAGAGGGATG,TAGGTAATTGT,IowaWound,20170628,MiSeqV1V3_32,SurfaceSwab,Human,332,Sample_120433
120434,TTCTGAGAGGTAGAGTGGTAGAGA,TAGGTAATTGT,IowaWound,20170628,MiSeqV1V3_32,SurfaceSwab,Human,336,Sample_120434
120435,TTCTGAGAGGTAGAACTAGTCACC,TAGGTAATTGT,IowaWound,20170628,MiSeqV1V3_32,SurfaceSwab,Human,338,Sample_120435
120436,TTCTGAGAGGTATTGCGCATACTA,TAGGTAATTGT,IowaWound,20170628,MiSeqV1V3_32,SurfaceSwab,Human,339,Sample_120436
120437,TTCTGAGAGGTACACGGTTGTGAG,TAGGTAATTGT,IowaWound,20170628,MiSeqV1V3_32,SurfaceSwab,Human,349,Sample_120437
120438,TTCTGAGAGGTAGAAGAAGCGGTA,TAGGTAATTGT,IowaWound,20170628,MiSeqV1V3_32,SurfaceSwab,Human,354,Sample_120438
120409,TTCTGAGAGGTATCCTCTGTCGAC,TAGGTAATTGT,IowaWound,20170628,MiSeqV1V3_32,SurfaceSwab,Human,362,Sample_120409
120410,TTCTGAGAGGTAGAATCTTCGAGC,TAGGTAATTGT,IowaWound,20170628,MiSeqV1V3_32,SurfaceSwab,Human,369,Sample_120410
120412,TTCTGAGAGGTAGTCATATCGTAC,TAGGTAATTGT,IowaWound,20170628,MiSeqV1V3_32,SurfaceSwab,Human,372,Sample_120412
120413,TTCTGAGAGGTATCCCAGAACAAC,TAGGTAATTGT,IowaWound,20170628,MiSeqV1V3_32,SurfaceSwab,Human,375,Sample_120413
120414,TTCTGAGAGGTAGAATAGAGCCAA,TAGGTAATTGT,IowaWound,20170628,MiSeqV1V3_32,SurfaceSwab,Human,376,Sample_120414
120415,TTCTGAGAGGTAAATGTCCGTGAC,TAGGTAATTGT,IowaWound,20170628,MiSeqV1V3_32,SurfaceSwab,Human,378,Sample_120415
120416,TTCTGAGAGGTAAATGGAGCATGA,TAGGTAATTGT,IowaWound,20170628,MiSeqV1V3_32,SurfaceSwab,Human,380,Sample_120416
120417,TTCTGAGAGGTAGCAGGATAGATA,TAGGTAATTGT,IowaWound,20170628,MiSeqV1V3_32,SurfaceSwab,Human,387,Sample_120417
120418,TTCTGAGAGGTATCTACGGAGAGC,TAGGTAATTGT,IowaWound,20170628,MiSeqV1V3_32,SurfaceSwab,Human,391,Sample_120418
120419,TTCTGAGAGGTAAATCTTGCTGCA,TAGGTAATTGT,IowaWound,20170628,MiSeqV1V3_32,SurfaceSwab,Human,393,Sample_120419
120420,TTCTGAGAGGTAACGCCACGAATG,TAGGTAATTGT,IowaWound,20170628,MiSeqV1V3_32,SurfaceSwab,Human,396,Sample_120420
120421,TTCTGAGAGGTACTATTTGCGACA,TAGGTAATTGT,IowaWound,20170628,MiSeqV1V3_32,SurfaceSwab,Human,397,Sample_120421
120422,TTCTGAGAGGTAACACGTAAGCCT,TAGGTAATTGT,IowaWound,20170628,MiSeqV1V3_32,SurfaceSwab,Human,399,Sample_120422
120575,GGTTCCATTAGGACGGGACATGCT,TAGGTAATTGT,IowaWound,20170628,MiSeqV1V3_32,SurfaceSwab,Human,400,Sample_120575
120423,TTCTGAGAGGTAGCGGCAATTACG,TAGGTAATTGT,IowaWound,20170628,MiSeqV1V3_32,SurfaceSwab,Human,405,Sample_120423
120424,TTCTGAGAGGTAGGAAACCACCAC,TAGGTAATTGT,IowaWound,20170628,MiSeqV1V3_32,SurfaceSwab,Human,406,Sample_120424
120576,GGTTCCATTAGGCAGCTAGAACGC,TAGGTAATTGT,IowaWound,20170628,MiSeqV1V3_32,SurfaceSwab,Human,413,Sample_120576
120577,GGTTCCATTAGGCCACCTACTCCA,TAGGTAATTGT,IowaWound,20170628,MiSeqV1V3_32,SurfaceSwab,Human,424,Sample_120577
120550,GGTTCCATTAGGGCACGACAACAC,TAGGTAATTGT,IowaWound,20170628,MiSeqV1V3_32,SurfaceSwab,Human,430,Sample_120550
120545,GGTTCCATTAGGACTCACGGTATG,TAGGTAATTGT,IowaWound,20170628,MiSeqV1V3_32,SurfaceSwab,Human,431,Sample_120545
120449,ATCCCTACGGAAACATTCAGCGCA,TAGGTAATTGT,IowaWound,20170628,MiSeqV1V3_32,SurfaceSwab,Human,432,Sample_120449
120546,GGTTCCATTAGGATGGTTGTTGGC,TAGGTAATTGT,IowaWound,20170628,MiSeqV1V3_32,SurfaceSwab,Human,437,Sample_120546
120578,GGTTCCATTAGGAACACAAGGAGT,TAGGTAATTGT,IowaWound,20170628,MiSeqV1V3_32,SurfaceSwab,Human,438,Sample_120578
120551,GGTTCCATTAGGCCTGAACTAGTT,TAGGTAATTGT,IowaWound,20170628,MiSeqV1V3_32,SurfaceSwab,Human,441,Sample_120551
120552,GGTTCCATTAGGCGAGAAGAGAAC,TAGGTAATTGT,IowaWound,20170628,MiSeqV1V3_32,SurfaceSwab,Human,442,Sample_120552
120553,GGTTCCATTAGGATCGGCGTTACA,TAGGTAATTGT,IowaWound,20170628,MiSeqV1V3_32,SurfaceSwab,Human,446,Sample_120553
120554,GGTTCCATTAGGATTGGGCTAGGC,TAGGTAATTGT,IowaWound,20170628,MiSeqV1V3_32,SurfaceSwab,Human,447,Sample_120554
120555,GGTTCCATTAGGACAAGGAGGTGA,TAGGTAATTGT,IowaWound,20170628,MiSeqV1V3_32,SurfaceSwab,Human,453,Sample_120555
120579,GGTTCCATTAGGTGTAATTGTCGC,TAGGTAATTGT,IowaWound,20170628,MiSeqV1V3_32,SurfaceSwab,Human,458,Sample_120579
120580,GGTTCCATTAGGCGTCCGAAATAC,TAGGTAATTGT,IowaWound,20170628,MiSeqV1V3_32,SurfaceSwab,Human,463,Sample_120580
120581,GGTTCCATTAGGATGTCGAGAGAA,TAGGTAATTGT,IowaWound,20170628,MiSeqV1V3_32,SurfaceSwab,Human,466,Sample_120581
120582,GGTTCCATTAGGTAACGCTTGGGT,TAGGTAATTGT,IowaWound,20170628,MiSeqV1V3_32,SurfaceSwab,Human,467,Sample_120582
120583,GGTTCCATTAGGTCCGAATTCACA,TAGGTAATTGT,IowaWound,20170628,MiSeqV1V3_32,SurfaceSwab,Human,469,Sample_120583
120439,TTCTGAGAGGTAGCTTCGGTAGAT,TAGGTAATTGT,IowaWound,20170628,MiSeqV1V3_32,SurfaceSwab,Human,482,Sample_120439
120584,GGTTCCATTAGGTCCTCTGTCGAC,TAGGTAATTGT,IowaWound,20170628,MiSeqV1V3_32,SurfaceSwab,Human,483,Sample_120584
120556,GGTTCCATTAGGATACCTTCGGTA,TAGGTAATTGT,IowaWound,20170628,MiSeqV1V3_32,SurfaceSwab,Human,484,Sample_120556
120585,GGTTCCATTAGGGAATCTTCGAGC,TAGGTAATTGT,IowaWound,20170628,MiSeqV1V3_32,SurfaceSwab,Human,489,Sample_120585
120588,GGTTCCATTAGGTCCCAGAACAAC,TAGGTAATTGT,IowaWound,20170628,MiSeqV1V3_32,SurfaceSwab,Human,497,Sample_120588
120590,GGTTCCATTAGGAATGTCCGTGAC,TAGGTAATTGT,IowaWound,20170628,MiSeqV1V3_32,SurfaceSwab,Human,504,Sample_120590
120591,GGTTCCATTAGGAATGGAGCATGA,TAGGTAATTGT,IowaWound,20170628,MiSeqV1V3_32,SurfaceSwab,Human,506,Sample_120591
120592,GGTTCCATTAGGGCAGGATAGATA,TAGGTAATTGT,IowaWound,20170628,MiSeqV1V3_32,SurfaceSwab,Human,508,Sample_120592
120593,GGTTCCATTAGGTCTACGGAGAGC,TAGGTAATTGT,IowaWound,20170628,MiSeqV1V3_32,SurfaceSwab,Human,514,Sample_120593
120557,GGTTCCATTAGGGTCTACACACAT,TAGGTAATTGT,IowaWound,20170628,MiSeqV1V3_32,SurfaceSwab,Human,517,Sample_120557
120558,GGTTCCATTAGGCCTAGTACTGAT,TAGGTAATTGT,IowaWound,20170628,MiSeqV1V3_32,SurfaceSwab,Human,519,Sample_120558
120594,GGTTCCATTAGGAATCTTGCTGCA,TAGGTAATTGT,IowaWound,20170628,MiSeqV1V3_32,SurfaceSwab,Human,520,Sample_120594
120595,GGTTCCATTAGGACGCCACGAATG,TAGGTAATTGT,IowaWound,20170628,MiSeqV1V3_32,SurfaceSwab,Human,523,Sample_120595
120596,GGTTCCATTAGGCTATTTGCGACA,TAGGTAATTGT,IowaWound,20170628,MiSeqV1V3_32,SurfaceSwab,Human,524,Sample_120596
120597,GGTTCCATTAGGACACGTAAGCCT,TAGGTAATTGT,IowaWound,20170628,MiSeqV1V3_32,SurfaceSwab,Human,527,Sample_120597
120598,GGTTCCATTAGGGCGGCAATTACG,TAGGTAATTGT,IowaWound,20170628,MiSeqV1V3_32,SurfaceSwab,Human,534,Sample_120598
120599,GGTTCCATTAGGGGAAACCACCAC,TAGGTAATTGT,IowaWound,20170628,MiSeqV1V3_32,SurfaceSwab,Human,535,Sample_120599
120440,TTCTGAGAGGTATCTGTTGCTCTC,TAGGTAATTGT,IowaWound,20170628,MiSeqV1V3_32,SurfaceSwab,Human,538,Sample_120440
120441,TTCTGAGAGGTATCTTCCGCTACT,TAGGTAATTGT,IowaWound,20170628,MiSeqV1V3_32,SurfaceSwab,Human,539,Sample_120441
120497,ATCCCTACGGAACAGCTAGAACGC,TAGGTAATTGT,IowaWound,20170628,MiSeqV1V3_32,SurfaceSwab,Human,544,Sample_120497
120521,ATCCCTACGGAAAGCTGGAAGTCC,TAGGTAATTGT,IowaWound,20170628,MiSeqV1V3_32,SurfaceSwab,Human,549,Sample_120521
120560,GGTTCCATTAGGATTCCTGTGAGT,TAGGTAATTGT,IowaWound,20170628,MiSeqV1V3_32,SurfaceSwab,Human,551,Sample_120560
120498,ATCCCTACGGAACCACCTACTCCA,TAGGTAATTGT,IowaWound,20170628,MiSeqV1V3_32,SurfaceSwab,Human,556,Sample_120498
120561,GGTTCCATTAGGGTCAATTGACCG,TAGGTAATTGT,IowaWound,20170628,MiSeqV1V3_32,SurfaceSwab,Human,557,Sample_120561
120562,GGTTCCATTAGGATCGATCTGTGG,TAGGTAATTGT,IowaWound,20170628,MiSeqV1V3_32,SurfaceSwab,Human,564,Sample_120562
120563,GGTTCCATTAGGCTTCGGCAGAAT,TAGGTAATTGT,IowaWound,20170628,MiSeqV1V3_32,SurfaceSwab,Human,573,Sample_120563
120499,ATCCCTACGGAAAACACAAGGAGT,TAGGTAATTGT,IowaWound,20170628,MiSeqV1V3_32,SurfaceSwab,Human,587,Sample_120499
120444,ATCCCTACGGAATACAGATGGCTC,TAGGTAATTGT,IowaWound,20170628,MiSeqV1V3_32,SurfaceSwab,Human,588,Sample_120444
120500,ATCCCTACGGAATGTAATTGTCGC,TAGGTAATTGT,IowaWound,20170628,MiSeqV1V3_32,SurfaceSwab,Human,591,Sample_120500
120501,ATCCCTACGGAACGTCCGAAATAC,TAGGTAATTGT,IowaWound,20170628,MiSeqV1V3_32,SurfaceSwab,Human,592,Sample_120501
120502,ATCCCTACGGAAATGTCGAGAGAA,TAGGTAATTGT,IowaWound,20170628,MiSeqV1V3_32,SurfaceSwab,Human,597,Sample_120502
120445,ATCCCTACGGAATAGGAACTGGCC,TAGGTAATTGT,IowaWound,20170628,MiSeqV1V3_32,SurfaceSwab,Human,601,Sample_120445
120446,ATCCCTACGGAACGCAGCGGTATA,TAGGTAATTGT,IowaWound,20170628,MiSeqV1V3_32,SurfaceSwab,Human,602,Sample_120446
120503,ATCCCTACGGAATAACGCTTGGGT,TAGGTAATTGT,IowaWound,20170628,MiSeqV1V3_32,SurfaceSwab,Human,607,Sample_120503
120504,ATCCCTACGGAATCCGAATTCACA,TAGGTAATTGT,IowaWound,20170628,MiSeqV1V3_32,SurfaceSwab,Human,608,Sample_120504
120505,ATCCCTACGGAATCCTCTGTCGAC,TAGGTAATTGT,IowaWound,20170628,MiSeqV1V3_32,SurfaceSwab,Human,610,Sample_120505
120506,ATCCCTACGGAAGAATCTTCGAGC,TAGGTAATTGT,IowaWound,20170628,MiSeqV1V3_32,SurfaceSwab,Human,614,Sample_120506
120447,ATCCCTACGGAAGAAGTTGGAAGT,TAGGTAATTGT,IowaWound,20170628,MiSeqV1V3_32,SurfaceSwab,Human,616,Sample_120447
120507,ATCCCTACGGAATGAGCCGGAATC,TAGGTAATTGT,IowaWound,20170628,MiSeqV1V3_32,SurfaceSwab,Human,621,Sample_120507
120508,ATCCCTACGGAAGTCATATCGTAC,TAGGTAATTGT,IowaWound,20170628,MiSeqV1V3_32,SurfaceSwab,Human,625,Sample_120508
120448,ATCCCTACGGAAGACGGAACCCAT,TAGGTAATTGT,IowaWound,20170628,MiSeqV1V3_32,SurfaceSwab,Human,628,Sample_120448
120564,GGTTCCATTAGGAGGCATCTTACG,TAGGTAATTGT,IowaWound,20170628,MiSeqV1V3_32,SurfaceSwab,Human,634,Sample_120564
120509,ATCCCTACGGAATCCCAGAACAAC,TAGGTAATTGT,IowaWound,20170628,MiSeqV1V3_32,SurfaceSwab,Human,636,Sample_120509
120474,ATCCCTACGGAAATCGGCGTTACA,TAGGTAATTGT,IowaWound,20170628,MiSeqV1V3_32,SurfaceSwab,Human,637,Sample_120474
120510,ATCCCTACGGAAGAATAGAGCCAA,TAGGTAATTGT,IowaWound,20170628,MiSeqV1V3_32,SurfaceSwab,Human,638,Sample_120510
120450,ATCCCTACGGAAGAGGAATAGCAG,TAGGTAATTGT,IowaWound,20170628,MiSeqV1V3_32,SurfaceSwab,Human,643,Sample_120450
120511,ATCCCTACGGAAAATGTCCGTGAC,TAGGTAATTGT,IowaWound,20170628,MiSeqV1V3_32,SurfaceSwab,Human,646,Sample_120511
120512,ATCCCTACGGAAAATGGAGCATGA,TAGGTAATTGT,IowaWound,20170628,MiSeqV1V3_32,SurfaceSwab,Human,654,Sample_120512
120475,ATCCCTACGGAAATTGGGCTAGGC,TAGGTAATTGT,IowaWound,20170628,MiSeqV1V3_32,SurfaceSwab,Human,659,Sample_120475
120476,ATCCCTACGGAAACAAGGAGGTGA,TAGGTAATTGT,IowaWound,20170628,MiSeqV1V3_32,SurfaceSwab,Human,660,Sample_120476
120513,ATCCCTACGGAAGCAGGATAGATA,TAGGTAATTGT,IowaWound,20170628,MiSeqV1V3_32,SurfaceSwab,Human,663,Sample_120513
120514,ATCCCTACGGAATCTACGGAGAGC,TAGGTAATTGT,IowaWound,20170628,MiSeqV1V3_32,SurfaceSwab,Human,664,Sample_120514
120451,ATCCCTACGGAATGTTATCGCACA,TAGGTAATTGT,IowaWound,20170628,MiSeqV1V3_32,SurfaceSwab,Human,665,Sample_120451
120515,ATCCCTACGGAAAATCTTGCTGCA,TAGGTAATTGT,IowaWound,20170628,MiSeqV1V3_32,SurfaceSwab,Human,666,Sample_120515
120477,ATCCCTACGGAAATACCTTCGGTA,TAGGTAATTGT,IowaWound,20170628,MiSeqV1V3_32,SurfaceSwab,Human,667,Sample_120477
120478,ATCCCTACGGAAGTCTACACACAT,TAGGTAATTGT,IowaWound,20170628,MiSeqV1V3_32,SurfaceSwab,Human,672,Sample_120478
120479,ATCCCTACGGAACCTAGTACTGAT,TAGGTAATTGT,IowaWound,20170628,MiSeqV1V3_32,SurfaceSwab,Human,679,Sample_120479
120480,ATCCCTACGGAACGATCCGTATTA,TAGGTAATTGT,IowaWound,20170628,MiSeqV1V3_32,SurfaceSwab,Human,680,Sample_120480
120481,ATCCCTACGGAAATTCCTGTGAGT,TAGGTAATTGT,IowaWound,20170628,MiSeqV1V3_32,SurfaceSwab,Human,681,Sample_120481
120482,ATCCCTACGGAAGTCAATTGACCG,TAGGTAATTGT,IowaWound,20170628,MiSeqV1V3_32,SurfaceSwab,Human,686,Sample_120482
120483,ATCCCTACGGAAATCGATCTGTGG,TAGGTAATTGT,IowaWound,20170628,MiSeqV1V3_32,SurfaceSwab,Human,688,Sample_120483
120517,ATCCCTACGGAACTATTTGCGACA,TAGGTAATTGT,IowaWound,20170628,MiSeqV1V3_32,SurfaceSwab,Human,692,Sample_120517
120518,ATCCCTACGGAAACACGTAAGCCT,TAGGTAATTGT,IowaWound,20170628,MiSeqV1V3_32,SurfaceSwab,Human,693,Sample_120518
120565,GGTTCCATTAGGAGATGTTCTGCT,TAGGTAATTGT,IowaWound,20170628,MiSeqV1V3_32,SurfaceSwab,Human,694,Sample_120565
120484,ATCCCTACGGAACTTCGGCAGAAT,TAGGTAATTGT,IowaWound,20170628,MiSeqV1V3_32,SurfaceSwab,Human,695,Sample_120484
120453,ATCCCTACGGAAAGTTCCCGAGTA,TAGGTAATTGT,IowaWound,20170628,MiSeqV1V3_32,SurfaceSwab,Human,705,Sample_120453
120454,ATCCCTACGGAAGTACCTAATTGC,TAGGTAATTGT,IowaWound,20170628,MiSeqV1V3_32,SurfaceSwab,Human,712,Sample_120454
120485,ATCCCTACGGAAAGGCATCTTACG,TAGGTAATTGT,IowaWound,20170628,MiSeqV1V3_32,SurfaceSwab,Human,714,Sample_120485
120486,ATCCCTACGGAAAGATGTTCTGCT,TAGGTAATTGT,IowaWound,20170628,MiSeqV1V3_32,SurfaceSwab,Human,719,Sample_120486
120600,GGTTCCATTAGGAGCTGGAAGTCC,TAGGTAATTGT,IowaWound,20170628,MiSeqV1V3_32,SurfaceSwab,Human,722,Sample_120600
120487,ATCCCTACGGAAACCACATACATC,TAGGTAATTGT,IowaWound,20170628,MiSeqV1V3_32,SurfaceSwab,Human,723,Sample_120487
120488,ATCCCTACGGAATATCAGGTGTGC,TAGGTAATTGT,IowaWound,20170628,MiSeqV1V3_32,SurfaceSwab,Human,729,Sample_120488
120519,ATCCCTACGGAAGCGGCAATTACG,TAGGTAATTGT,IowaWound,20170628,MiSeqV1V3_32,SurfaceSwab,Human,730,Sample_120519
120601,GGTTCCATTAGGGTACGTGGGATC,TAGGTAATTGT,IowaWound,20170628,MiSeqV1V3_32,SurfaceSwab,Human,736,Sample_120601
120566,GGTTCCATTAGGACCACATACATC,TAGGTAATTGT,IowaWound,20170628,MiSeqV1V3_32,SurfaceSwab,Human,741,Sample_120566
120520,ATCCCTACGGAAGGAAACCACCAC,TAGGTAATTGT,IowaWound,20170628,MiSeqV1V3_32,SurfaceSwab,Human,742,Sample_120520
120455,ATCCCTACGGAACGTGACAATGTC,TAGGTAATTGT,IowaWound,20170628,MiSeqV1V3_32,SurfaceSwab,Human,744,Sample_120455
120489,ATCCCTACGGAAGAATGATGAGTG,TAGGTAATTGT,IowaWound,20170628,MiSeqV1V3_32,SurfaceSwab,Human,751,Sample_120489
120456,ATCCCTACGGAAACGTGTACCCAA,TAGGTAATTGT,IowaWound,20170628,MiSeqV1V3_32,SurfaceSwab,Human,754,Sample_120456
120490,ATCCCTACGGAAATACTTCGCAGG,TAGGTAATTGT,IowaWound,20170628,MiSeqV1V3_32,SurfaceSwab,Human,759,Sample_120490
120491,ATCCCTACGGAAATCGCTCGAGGA,TAGGTAATTGT,IowaWound,20170628,MiSeqV1V3_32,SurfaceSwab,Human,761,Sample_120491
120492,ATCCCTACGGAAGTCTAATTCCGA,TAGGTAATTGT,IowaWound,20170628,MiSeqV1V3_32,SurfaceSwab,Human,769,Sample_120492
120493,ATCCCTACGGAAGAGGCTCATCAT,TAGGTAATTGT,IowaWound,20170628,MiSeqV1V3_32,SurfaceSwab,Human,779,Sample_120493
120567,GGTTCCATTAGGTATCAGGTGTGC,TAGGTAATTGT,IowaWound,20170628,MiSeqV1V3_32,SurfaceSwab,Human,780,Sample_120567
120568,GGTTCCATTAGGGAATGATGAGTG,TAGGTAATTGT,IowaWound,20170628,MiSeqV1V3_32,SurfaceSwab,Human,794,Sample_120568
120494,ATCCCTACGGAAATGAGACTCCAC,TAGGTAATTGT,IowaWound,20170628,MiSeqV1V3_32,SurfaceSwab,Human,795,Sample_120494
120457,ATCCCTACGGAACTAGCGAACATC,TAGGTAATTGT,IowaWound,20170628,MiSeqV1V3_32,SurfaceSwab,Human,801,Sample_120457
120458,ATCCCTACGGAAAATGCCTCAACT,TAGGTAATTGT,IowaWound,20170628,MiSeqV1V3_32,SurfaceSwab,Human,814,Sample_120458
120459,ATCCCTACGGAATTCCTAGGTGAG,TAGGTAATTGT,IowaWound,20170628,MiSeqV1V3_32,SurfaceSwab,Human,817,Sample_120459
120461,ATCCCTACGGAAACTGACAGCCAT,TAGGTAATTGT,IowaWound,20170628,MiSeqV1V3_32,SurfaceSwab,Human,828,Sample_120461
120569,GGTTCCATTAGGATACTTCGCAGG,TAGGTAATTGT,IowaWound,20170628,MiSeqV1V3_32,SurfaceSwab,Human,829,Sample_120569
120462,ATCCCTACGGAACAGCGGTGACAT,TAGGTAATTGT,IowaWound,20170628,MiSeqV1V3_32,SurfaceSwab,Human,834,Sample_120462
120463,ATCCCTACGGAATCGTCGATAATC,TAGGTAATTGT,IowaWound,20170628,MiSeqV1V3_32,SurfaceSwab,Human,841,Sample_120463
120464,ATCCCTACGGAATGACCTCCAAGA,TAGGTAATTGT,IowaWound,20170628,MiSeqV1V3_32,SurfaceSwab,Human,846,Sample_120464
120465,ATCCCTACGGAAAGCCTAAGCACG,TAGGTAATTGT,IowaWound,20170628,MiSeqV1V3_32,SurfaceSwab,Human,847,Sample_120465
120466,ATCCCTACGGAAACTCACGGTATG,TAGGTAATTGT,IowaWound,20170628,MiSeqV1V3_32,SurfaceSwab,Human,857,Sample_120466
120467,ATCCCTACGGAAATGGTTGTTGGC,TAGGTAATTGT,IowaWound,20170628,MiSeqV1V3_32,SurfaceSwab,Human,862,Sample_120467
120468,ATCCCTACGGAAAAGGAGCGCCTT,TAGGTAATTGT,IowaWound,20170628,MiSeqV1V3_32,SurfaceSwab,Human,872,Sample_120468
120469,ATCCCTACGGAAGACAGGAGATAG,TAGGTAATTGT,IowaWound,20170628,MiSeqV1V3_32,SurfaceSwab,Human,873,Sample_120469
120470,ATCCCTACGGAAGGTGTCTATTGT,TAGGTAATTGT,IowaWound,20170628,MiSeqV1V3_32,SurfaceSwab,Human,875,Sample_120470
120570,GGTTCCATTAGGATCGCTCGAGGA,TAGGTAATTGT,IowaWound,20170628,MiSeqV1V3_32,SurfaceSwab,Human,879,Sample_120570
120471,ATCCCTACGGAAGCACGACAACAC,TAGGTAATTGT,IowaWound,20170628,MiSeqV1V3_32,SurfaceSwab,Human,896,Sample_120471
120495,ATCCCTACGGAACTTGTGTCGATA,TAGGTAATTGT,IowaWound,20170628,MiSeqV1V3_32,SurfaceSwab,Human,899,Sample_120495
120472,ATCCCTACGGAACCTGAACTAGTT,TAGGTAATTGT,IowaWound,20170628,MiSeqV1V3_32,SurfaceSwab,Human,907,Sample_120472
120496,ATCCCTACGGAAACGGGACATGCT,TAGGTAATTGT,IowaWound,20170628,MiSeqV1V3_32,SurfaceSwab,Human,908,Sample_120496
120602,GGTTCCATTAGGTACTTCGCTCGC,TAGGTAATTGT,Control,20170628,MiSeqV1V3_32,Control,Control,Mock,Sample_120602
120443,TTCTGAGAGGTATAACACCACATC,TAGGTAATTGT,Control,20170628,MiSeqV1V3_32,Control,Control,Water,Sample_120443
120522,ATCCCTACGGAAGTACGTGGGATC,TAGGTAATTGT,Control,20170628,MiSeqV1V3_32,Control,Control,Water,Sample_120522
120603,GGTTCCATTAGGAGCTTGACAGCT,TAGGTAATTGT,Control,20170628,MiSeqV1V3_32,Control,Control,Water,Sample_120603
120586,GGTTCCATTAGGTGAGCCGGAATC,TAGGTAATTGT,IowaWound,20170628,MiSeqV1V3_32,SurfaceSwab,Human,Blank_Swab,Sample_120586
120363,TTCTGAGAGGTATTCCTAGGTGAG,TAGGTAATTGT,IowaWound,20170628,MiSeqV1V3_32,SurfaceSwab,Human,Blank_Swab,Sample_120363